timestamp	commit	exact_functions	exact_bytes	percent_cpu_text
2026-08-20T18:11:10-07:00	0d1f8051	913	189860	30.55
2026-08-20T21:42:19-07:00	f4b73d8a	916	191284	30.78
2026-08-20T22:02:17-07:00	15785a36	918	192172	30.92
2026-08-21T02:50:39-07:00	72cb85af	920	192448	30.96
2026-08-21T03:23:00-07:00	8311eb8a	923	193832	31.19
2026-08-27T15:11:27-07:00	63c56ebf	970	217336	34.97
2026-08-27T16:04:52-07:00	d3580a9b	972	218596	35.17
2026-08-27T17:16:21-07:00	dbd69d1d	973	219568	35.33
2026-08-27T17:43:41-07:00	df52d42d	974	219908	35.38
2026-08-27T18:20:54-07:00	d574a001	975	220980	35.55
2026-08-27T18:38:35-07:00	955e0a42	976	222100	35.73
2026-08-27T18:51:06-07:00	5a63f0b7	977	222684	35.83
2026-08-27T19:07:55-07:00	b9fcc7b3	980	224948	36.19
2026-08-27T19:51:52-07:00	34921fbc	981	225356	36.26
2026-08-27T20:01:46-07:00	52e62f69	982	225768	36.32
2026-08-27T20:37:57-07:00	ac8442ea	983	225888	36.34
2026-08-27T20:56:06-07:00	0d698911	984	225968	36.36
2026-08-27T21:17:08-07:00	4ae50db6	985	226120	36.38
2026-08-29T18:20:27-07:00	6f9cd81b	990	226380	36.42
2026-08-29T19:04:11-07:00	6888e224	992	226632	36.46
2026-08-29T19:34:39-07:00	70293eb7	993	226680	36.47
2026-08-29T20:14:10-07:00	87e70da5	994	226736	36.48
2026-08-29T20:28:05-07:00	824f06db	997	227128	36.54
2026-08-29T20:41:47-07:00	577a3e02	998	227380	36.58
2026-08-29T20:57:42-07:00	ce66dcad	999	227836	36.66
2026-08-29T21:22:27-07:00	161eb217	1000	227880	36.66
2026-08-30T08:53:29-07:00	703bd825	1001	228308	36.73
2026-08-30T09:28:47-07:00	73138396	1002	228856	36.82
2026-08-30T09:44:17-07:00	6886306f	1003	229216	36.88
2026-08-30T11:17:02-07:00	2a21d342	1004	229224	36.88
2026-08-30T11:23:29-07:00	26ef10e3	1005	229248	36.88
2026-08-30T11:30:20-07:00	f76169db	1006	229404	36.91
2026-08-30T11:54:50-07:00	cdca840b	1008	229988	37.00
2026-08-30T17:30:00-07:00	1900a384	1009	230208	37.04
2026-08-30T18:08:11-07:00	cd6d21c7	1010	230344	37.06
2026-08-30T18:23:16-07:00	561314af	1011	230456	37.08
2026-08-30T18:33:31-07:00	770b23e4	1012	230744	37.12
2026-08-30T23:18:40-07:00	5fb39f50	1013	230840	37.14
2026-08-31T07:22:42-07:00	7b10a94c	1015	232072	37.34
2026-08-31T08:34:12-07:00	f4409494	1016	232568	37.42
2026-08-31T09:48:50-07:00	7e773409	1017	233324	37.54
2026-08-31T10:35:47-07:00	d561e3cd	1018	234040	37.65
2026-08-31T11:45:41-07:00	91d865ec	1019	234348	37.70
2026-08-31T12:11:00-07:00	95964ca3	1020	234468	37.72
2026-08-31T12:37:44-07:00	7842ca0b	1021	235308	37.86
2026-08-31T13:12:57-07:00	7e1c4132	1022	235360	37.87
2026-08-31T14:16:31-07:00	4afeb853	1024	235992	37.97
2026-08-31T14:52:18-07:00	b10c7640	1025	236312	38.02
2026-08-31T15:20:35-07:00	99b56163	1026	236784	38.10
2026-08-31T15:45:21-07:00	8ea8623a	1028	239224	38.49
2026-08-31T15:55:06-07:00	8e2d2964	1029	240336	38.67
2026-08-31T16:33:31-07:00	1a374e10	1030	240476	38.69
2026-08-31T16:50:58-07:00	2d391e08	1031	240652	38.72
2026-08-31T17:02:07-07:00	6c63d805	1032	241092	38.79
2026-08-31T17:49:21-07:00	feba6fba	1034	242260	38.98
2026-08-31T18:57:55-07:00	e0ff2e15	1035	242324	38.99
2026-08-31T19:27:05-07:00	8db01dab	1036	242404	39.00
2026-08-31T19:59:43-07:00	d38015fb	1038	242748	39.06
2026-08-31T20:30:05-07:00	7f4d0f99	1039	242904	39.08
2026-08-31T21:02:49-07:00	1357d793	1040	243140	39.12
2026-08-31T21:21:58-07:00	666470d5	1041	243364	39.16
2026-08-31T22:02:54-07:00	b33a10b5	1042	243532	39.18
2026-08-31T22:29:17-07:00	75e05d08	1043	243704	39.21
2026-08-31T22:45:59-07:00	e4f6d25b	1044	243884	39.24
2026-08-31T23:31:40-07:00	f25cf8d9	1045	244836	39.39
2026-08-31T23:51:01-07:00	370b829b	1046	245280	39.46
2026-09-01T00:06:43-07:00	8c58fbe6	1047	245584	39.51
2026-09-01T00:31:03-07:00	bfae43e8	1048	245944	39.57
2026-09-01T00:43:31-07:00	ba43b900	1049	246288	39.63
2026-09-01T01:00:32-07:00	c3822372	1050	246632	39.68
